{"scale_": [1.0, 1.0, 1.0040160642570282, 1.0, 0.004017129038218966], "min_": [0.0, 0.0, 0.0, 0.0, 0.0], "data_min_": [0.0, 0.0, 0.0, 0.0, 0.0], "data_max_": [1.0, 1.0, 0.996, 1.0, 248.93400000000003], "data_range_": [1.0, 1.0, 0.996, 1.0, 248.93400000000003]}